Workbook

Sheet Main Pricing
B1: Shocks - F | C1: Shocks - R | D1: BP - F | E1: BP - R | F1: B-Sensors-F | G1: B-Sensors-R | H1: Disc - F | I1: Disc - R | J1: BJ - U / BJ - L | L1: Upper Arm C | M1: Lower Arm | N1: Ball Ends | O1: TRE | P1: LA-C | Q1: DRIVE SHAFT | R1: LABB | S1: LABS | T1: SL - F | U1: SL - R | V1: SB | W1: HOBB - F | X1: HOBB - R | Y1: HOBC - R | Z1: T-Mount | AA1: PS Pump | AB1: PS Motor | AC1: Water P | AD1: Water Jacket | AE1: EO | AF1: OF | AG1: AF | AH1: A/C F | AI1: SP | AJ1: Radiator | AK1: FF | AL1: Coil | AM1: Horn Coil | AN1: INJECTORS | AO1: BOOTH SHOCKS | AP1: Timing B | AQ1: Belt Adjuster | AR1: Fan B | AS1: TURBO CHARGER | AT1: Thermostat | AU1: Cam Shaft S | AV1: Crank Shaft Pos S | AW1: Alternator | AX1: Speed Sensor | AY1: Head G | AZ1: OverH G | BA1: Crank Shaft Bea | BB1: Eng Bearing | BC1: Rings | BD1: Oil Pump | BE1: Fuel Pump | BF1: Central Lock Motor | BG1: Steering Angle Sensor | BH1: Mass Sensor | BI1: Map Sensor | BJ1: Knock Sensor | BK1: Air Flow Sensor | BL1: Engine Seat - Top | BM1: Engine Seat - Down | BN1: Gearbox Seat | BO1: Clutch System | BP1: Steering Rack | BQ1: Water Tank | BR1: Servo | BS1: Door Switch | BT1: Water Thermostat | BU1: FUEL PUMP REP. KITS | BV1: Exhaust | BW1: Wiper Motor | BX1: Adjuster | BY1: Windscreen | BZ1: AC Condensor | CA1: Air Lifting Motor | CC1: Head Gasket | CE1: Arm Bushing - R | CG1: Oxygen Sensor | CI1: Steering Rack | CK1: Abs Sensor | CM1: Belt Roller | CO1: Tension Bar | CQ1: Spring Coil | CR1: BELT SIZE | CS1: CVT VALVE
A2: TOYOTA | AX2: 350
A3: Corolla | B3: 2850 | C3: 1820 | D3: 780 | E3: 580 | H3: 200 | J3: 980 | O3: 480 | P3: 2850 | Q3: 3200 | R3: 560 | S3: 300 | T3: 520 | U3: 200 | V3: 200 | W3: 800 | X3: 780 | Y3: 1360 | AC3: =442.56+13.28 -> 455.84 | AD3: 800 | AE3: 600 | AF3: 140 | AG3: 220 | AI3: 450 | AJ3: 850 | AL3: 350 | AR3: 180 | AT3: 1800 | AW3: 480 | AX3: 350 | AY3: =218.88+6.57 -> 225.45 | BK3: 480 | BL3: 950 | BM3: 850 | BN3: 650 | BP3: 3200 | BQ3: 960 | BV3: 600 | BW3: 1460 | BY3: 1480 | CC3: 260 | CI3: 2800 | CK3: 350
A4: Yaris | B4: 1750 | C4: 1450 | D4: 380 | E4: 340 | J4: 450 | O4: 480 | P4: 2850 | R4: 280 | S4: 200 | T4: 350 | U4: 200 | V4: 150 | W4: 480 | Y4: 1360 | AC4: =442.56+13.28 -> 455.84 | AE4: 400 | AF4: 70 | AG4: 110 | AI4: 350 | AL4: 420 | AR4: 225 | AV4: 560 | AY4: =218.88+6.57 -> 225.45 | BL4: 600 | BM4: 250 | BN4: 150 | BQ4: 845
A5: Camry | B5: 2350 | C5: 1820 | D5: 780 | E5: 580 | J5: 980 | O5: 480 | Q5: 750 | R5: 320 | S5: 250 | T5: 580 | U5: 320 | V5: 200 | W5: 680 | Y5: 1120 | Z5: 500 | AC5: 960 | AE5: 600 | AF5: 140 | AG5: 220 | AH5: 180 | AI5: 350 | AM5: 780 | AR5: 330 | AX5: 450 | AY5: 225.45 | BE5: 460 | BH5: 550 | BJ5: 370 | BL5: 600 | BM5: 250 | BP5: 2600 | BS5: 450 | BT5: 450 | CK5: 350 | CR5: 6PK 1275
A6: Avensis | B6: 1820 | C6: 1480 | D6: 780 | E6: 580 | AE6: 600 | AF6: 140 | AG6: 220 | AH6: 180 | AI6: 350 | AL6: 350 | BL6: 600 | BN6: 380
A7: Venza | B7: 2260 | C7: 1800 | D7: 480 | E7: 350 | J7: 760 | N7: 860 | O7: 585 | R7: 340 | T7: 450 | U7: 320 | V7: 150 | W7: 1180 | AC7: 920 | AE7: 400 | AF7: 70 | AG7: 120 | AI7: 460 | AL7: 350 | AU7: 480 | AV7: 560 | AY7: 340 | BB7: 920 | BC7: 1260 | BD7: 1340
A8: Tundra | B8: 3820 | C8: 1760 | D8: 1280 | E8: 740 | H8: 400 | I8: 400 | J8: 760 | K8: 980 | N8: 780 | O8: 540 | R8: 480 | T8: 450 | U8: 320 | V8: 200 | W8: 2100 | AB8: 3800 | AC8: 1450 | AE8: 700 | AF8: 160 | AG8: 340 | AI8: 850 | AP8: 260 | BT8: 680
A9: Landcruiser | B9: 4800 | C9: 2850 | D9: 1280 | E9: 740 | H9: 400 | I9: 1260 | J9: 950 | K9: 1380 | N9: 750 | O9: 540 | R9: 480 | T9: 640 | U9: 450 | V9: 200 | W9: 1320 | AC9: 1450 | AE9: 700 | AF9: 160 | AG9: 340 | AH9: 180 | AI9: 1120 | AJ9: 3200 | AK9: 240 | AL9: 280
A10: 4Runner | B10: 3820 | C10: 2360 | D10: 880 | E10: 580 | J10: 760 | K10: 980 | N10: 750 | O10: 540 | R10: 480 | T10: 450 | U10: 320 | V10: 200 | W10: 1320 | AC10: 1450 | AE10: 500 | AF10: 110 | AG10: 220 | AI10: 850 | AK10: 240
A11: Prado | B11: 4680 | C11: 2820 | D11: 1280 | E11: 740 | J11: 980 | K11: 1350 | O11: 540 | R11: 1200 | T11: 680 | U11: 320 | V11: 200 | W11: 1320 | AC11: 1450 | AE11: 700 | AF11: 160 | AG11: 340 | AH11: 180 | AI11: 850 | AK11: 240 | AL11: 450 | AN11: 5800 | AP11: 640 | AS11: 15000 | AU11: 460 | AV11: 580 | AY11: 420 | BB11: 1130 | BC11: 1280 | BD11: 1640 | BU11: 2800
A12: FG Cruiser | BP12: 2050 | BR12: 1550
A13: Rav 4 | B13: 3680 | C13: 1850 | D13: 620 | E13: 520 | J13: 980 | N13: 750 | O13: 490 | Q13: 1850 | R13: 300 | S13: 200 | T13: 680 | U13: 250 | V13: 200 | W13: 780 | X13: 1230 | AC13: 650 | AD13: 680 | AE13: 600 | AF13: 90 | AG13: 280 | AI13: 750 | AX13: 330 | BD13: 1200 | BI13: 950 | CG13: 680
A14: Matrix | B14: 1850 | J14: 750 | O14: 650 | R14: 300 | T14: 380 | V14: 200 | W14: 240 | AE14: 600 | AF14: 140 | AG14: 220 | AI14: 350 | BQ14: 960 | CC14: 260
B15: 2260 | C15: 2140 | D15: 880 | E15: 580 | H15: 1380 | J15: 760 | K15: 550 | N15: 965 | O15: 585 | R15: 340 | T15: 680 | U15: 320 | V15: 150 | W15: 1180 | AC15: 920 | AE15: 700 | AF15: 160 | AG15: 340 | AH15: 180 | AI15: 460 | AK15: 260 | AL15: 350 | AU15: 480 | AV15: 560 | AY15: 340 | BB15: 920 | BC15: 1260 | BD15: 1340 | BO15: 2280
A16: Tacoma | B16: 4280 | D16: 880 | E16: 580 | H16: 400 | J16: 950 | K16: 1380 | N16: 620 | T16: 680 | V16: 300 | AE16: 600 | AF16: 100 | AG16: 180 | AH16: 180 | AP16: 300 | AY16: 680
A17: Highlander | B17: 3820 | C17: 2160 | D17: 1160 | E17: 680 | K17: 980 | N17: 965 | O17: 585 | Q17: 890 | R17: 350 | T17: 650 | U17: 420 | V17: 300 | W17: 1120 for 1 | Y17: 1360 | Z17: 550 | AC17: 920 | AE17: 500 | AF17: 110 | AG17: 280 | AI17: 1200 | AJ17: 1150 | AL17: 350 | AP17: 85 | AU17: 480 | AV17: 560 | AX17: 580 | AY17: 340 | BB17: 920 | BC17: 1260 | BD17: 1340 | BG17: 1280 | BQ17: 2850 | BR17: 1850 | BU17: 1850
A18: 4Runner | Q18: 4800 | AE18: 700 | AF18: 160 | AG18: 340 | AP18: 320
A19: Sequoia | B19: 3820 | C19: 2360 | D19: 880 | E19: 580 | J19: 760 | K19: 980 | N19: 750 | O19: 540 | R19: 480 | T19: 450 | V19: 200 | W19: 1320 | AC19: 1220 | AE19: 700 | AF19: 160 | AG19: 340 | AI19: 350 | AK19: 220 | AP19: 50
A20: Toyota Hiace | D20: 880 | W20: 1400 | AE20: 300 | AF20: 70 | AG20: 150 | AK20: 120 | AP20: 200
A21: Fortuner | B21: 3820 | C21: 2140 | D21: 880 | E21: 580 | J21: 760 | O21: 585 | R21: 340 | T21: 650 | U21: 420 | V21: 250 | W21: 1180 | AC21: 920 | AE21: 700 | AF21: 110 | AG21: 220 | AI21: 750 | AK21: 220 | AL21: 350 | AU21: 480 | AV21: 560 | AY21: 340 | BB21: 920 | BC21: 1260 | BD21: 1340
AO22: 300
A23: NISSAN | AO23: 85
A24: Sentra | B24: =B3 -> 2850 | C24: =C3 -> 1820 | D24: 350 | E24: =E3 -> 580 | J24: 520 | O24: =O3 -> 480 | R24: =R3 -> 560 | S24: =S3 -> 300 | T24: =T3 -> 520 | V24: =V3 -> 200 | W24: =W3 -> 800 | Y24: =Y3 -> 1360 | AC24: =AC3 -> 455.84 | AE24: =AE3 -> 600 | AF24: =AF3 -> 140 | AG24: 100 | AI24: =AI3 -> 450 | AL24: =AL3 -> 350 | AO24: 180 | AR24: =AR3 -> 180 | BN24: 480
A25: Almera | D25: 380 | E25: 350 | AE25: 250 | AF25: 60 | AG25: 120 | AI25: 280 | AO25: 320
A26: Versa | B26: 2860 | C26: 2180 | D26: 380 | E26: 350 | R26: 480 | S26: 260 | T26: 480 | U26: 320 | V26: 200 | AE26: 250 | AF26: 60 | AG26: 120 | AL26: 350 | AO26: 580 | AS26: 480 | AX26: 320
A27: Micra | AE27: 250 | AS27: 560 | BE27: 460
A28: Sunny | AE28: 250 | AS28: 400 | BE28: 350
A29: Altima | D29: 380 | E29: 320 | Y29: =70*4 -> 280 | AE29: 250 | AF29: 70 | AG29: 120 | AS29: 50 | BE29: 200
A30: Skyline | AE30: 200 | AS30: 300 | BE30: 200
A31: Maxima | AE31: 250 | AS31: 250
A32: March | AE32: 250
A33: Rogue | B33: 2180 | C33: 1460 | D33: 480 | E33: 360 | J33: 880 | N33: 750 | O33: 490 | Q33: 890 | R33: 300 | S33: 200 | T33: 480 | U33: 250 | V33: 200 | W33: 780 | X33: 1230 | AC33: 650 | AD33: 680 | AE33: 400 | AF33: 80 | AG33: 16 | AI33: 280 | AX33: 330 | BD33: 1200 | BI33: 950 | CG33: 680
A34: Juke | D34: 380 | E34: 350 | AA34: =480+480 -> 960 | AE34: 400
A35: Hardbody | B35: 2485 | C35: 2260 | D35: 380 | E35: 350 | J35: 440 | K35: 580 | T35: 250 | V35: 190 | AE35: 600 | AF35: 170 | AG35: 310 | AH35: 180
A36: Navara | B36: 2485 | C36: 2260 | D36: 480 | E36: 360 | J36: 440 | K36: 860 | O36: 575 | R36: 320 | T36: 420 | V36: 190 | W36: 1320 | AC36: 960 | AE36: 600 | AF36: 170 | AG36: 310 | AH36: 180 | AK36: 580 | AL36: 350 | AU36: 480 | AV36: 640 | AY36: 340 | BB36: 865 | BC36: 1280 | BD36: 1460
A37: Frontier | B37: 2485 | C37: 2260 | D37: 480 | E37: 360 | J37: 440 | K37: 860 | O37: 575 | R37: 320 | T37: 420 | V37: 190 | W37: 1320 | AC37: 960 | AE37: 600 | AF37: 170 | AG37: 310 | AH37: 180 | AK37: 580 | AL37: 350 | AU37: 480 | AV37: 640 | AY37: 340 | BB37: 865 | BC37: 1280 | BD37: 1460 | BE37: 1460
A38: Qashqia | B38: 2180 | C38: 1460 | D38: 880 | E38: 620 | J38: 880 | N38: 750 | O38: 490 | Q38: 890 | R38: 300 | S38: 200 | T38: 480 | U38: 250 | V38: 200 | W38: 780 | X38: 1230 | AC38: 650 | AD38: 680 | AE38: 600 | AF38: 125 | AG38: 240 | AH38: 180 | AI38: 1100 | AK38: 260 | AX38: 330 | BD38: 1200 | BI38: 950 | CG38: 680
A39: Pathfinder | B39: 2485 | C39: 2260 | D39: 480 | E39: 360 | J39: 440 | K39: 860 | O39: 575 | R39: 320 | T39: 420 | V39: 190 | W39: 1320 | AC39: 960 | AE39: 600 | AF39: 170 | AG39: 310 | AH39: 180 | AI39: 540 | AL39: 350 | AU39: 950 | AV39: 640 | AY39: 340 | BB39: 865 | BC39: 1280 | BD39: 1460 | BG39: 1160
A40: Murano
A41: NISSAN
A42: Xterra
A43: Xtrail | B43: 2485 | C43: 2260 | D43: 680 | E43: 520 | J43: 480 | O43: 575 | R43: 320 | T43: 420 | V43: 190 | W43: 1320 | AC43: 960 | AE43: 500 | AF43: 85 | AG43: 180 | AI43: 350 | AL43: 350 | AU43: 480 | AV43: 640 | AW43: 480 | AY43: 340 | BB43: 865 | BC43: 1280 | BD43: 1460 | BG43: 1160
A44: Murano | D44: 380 | E44: 350 | J44: 750 | T44: 350 | AE44: 600 | AF44: 110 | AG44: 240 | AU44: 480 | AV44: 640
A45: Patrol | B45: =(1640.67*2)+99.75 -> 3381.09 | C45: =(1153.54*2)+201.87 -> 2508.95 | D45: 880 | E45: 789 | J45: 1160 | K45: 1640 | O45: =(790.53*2)+47.43 -> 1628.49 | R45: 760 | T45: 620 | U45: 480 | V45: 200 | W45: =(2072.12*2)+124.33 -> 4268.57 | Y45: =(3160.13*2)+189.61 -> 6509.87 | AE45: 400 | AF45: 85 | AG45: 160 | AI45: =(164.86*8)+39.57 -> 1358.45 | AR45: =341.19+10.24 -> 351.43 | AU45: =390.22+11.71 -> 401.93 | AV45: =(165.65*2)+9.94 -> 341.24 | BC45: =1945.8+340.52 -> 2286.32 | CU45: 200
A46: Armada | AE46: 400 | AF46: 85 | AG46: 160 | CU46: 40
A47: Rogue | D47: 380 | E47: 350 | AE47: 400 | AF47: 85 | AG47: 160 | AI47: 350 | AU47: 480 | AV47: 640 | CU47: 120
AG48: 160
A49: HYUNDAI | AG49: 160 | CU49: 50
A50: Elantra | B50: 1860 | C50: 1200 | D50: 720 | E50: 580 | H50: 400 | J50: 680 | N50: 790 | O50: 350 | P50: 2180 | R50: 280 | S50: 150 | T50: 650 | U50: 250 | V50: 200 | W50: 550 | Y50: 1260 | AE50: 400 | AF50: 85 | AG50: 145 | AH50: 110 | AI50: 980 | AL50: 350 | AR50: 460 | AU50: 720 | AV50: 750 | AX50: 360 | AY50: 280 | BG50: 1280 | BL50: 800 | BP50: 3260 | CI50: 1950 | CK50: 320 | CL50: 320 | CU50: 380
A51: Sonata | B51: 1655 | C51: 1428 | D51: 720 | E51: 580 | J51: 680 | O51: 450 | Q51: 550 | R51: 280 | S51: 150 | T51: 395 | V51: 200 | W51: 280 | X51: 950 | Y51: 360 | AA51: 850 | AE51: 400 | AF51: 85 | AG51: 145 | AI51: 980 | AJ51: 1500 | AM51: 700 | AQ51: 300 | AX51: 450 | AY51: 320 | AZ51: 380 | BB51: 450 | BC51: 340 | BD51: 700 | BE51: 550 | BG51: 650 | BH51: 760 | BL51: 1160 | BP51: 3850 | CK51: 320 | CL51: 320 | CU51: 350
A52: i10 | D52: 280 | E52: 250 | J52: 350 | O52: 255 | Q52: 350 | T52: 195 | W52: 350 | AE52: 300 | AF52: 70 | AG52: 160 | AI52: 980 | AJ52: 1120 | AP52: 40 | AS52: 45 | CU52: 750
A53: Accent | B53: 1850 | C53: 1150 | D53: 720 | E53: 580 | J53: 680 | O53: 360 | P53: 2850 | R53: 280 | S53: 150 | T53: 395 | V53: 200 | W53: 480 | Y53: 1360 | Z53: 260 | AC53: =442.56+13.28 -> 455.84 | AE53: 400 | AF53: 90 | AG53: 160 | AI53: 980 | AL53: 350 | AR53: 225 | AX53: 300 | AY53: 280 | BL53: 350 | BM53: 250 | BN53: 150 | BQ53: 845 | CI53: 1850 | CU53: 300
A54: Avante | AE54: 400 | AF54: 90 | AG54: 160 | AI54: 980
A55: Azeera | D55: 380 | E55: 350 | AE55: 400 | AF55: 90 | AG55: 160 | AI55: 980
A56: Veloster | B56: 1750 | C56: 1420 | D56: 380 | E56: 340 | J56: 760 | N56: 650 | T56: 350 | U56: 320 | V56: 200 | AE56: 400 | AF56: 90 | AG56: 160 | AI56: 980 | AY56: 280 | BG56: 650
A57: Matrix | Q57: 800 | AE57: 400 | AF57: 90 | AG57: 160 | AI57: 980
A58: Tucson | B58: 1620 | C58: 1460 | D58: 960 | E58: 620 | J58: 560 | N58: 650 | O58: 490 | R58: 340 | T58: 350 | U58: 320 | V58: 200 | W58: 600 | X58: 980 | AE58: 400 | AF58: 90 | AG58: 160 | AI58: 980 | AO58: 480 | AR58: 220 | AS58: 280 | AT58: 250 | AW58: 750 | AX58: 450 | AY58: 280 | AZ58: 640 | BA58: 3860 | BB58: 840 | BC58: 750 | BE58: 750 | BG58: 550 | BH58: 450 | CM58: 180
A59: iX35 | B59: 1620 | C59: 1460 | D59: 960 | E59: 620 | J59: 560 | N59: 965 | O59: 585 | Q59: 1850 | R59: 340 | S59: 200 | T59: 340 | U59: 320 | V59: 200 | W59: 1600 | X59: 230 | Y59: 850 | AC59: 920 | AE59: 400 | AF59: 80 | AG59: 170 | AI59: 980 | AL59: 350 | AU59: 480 | AV59: 560 | AY59: 340 | BB59: 920 | BC59: 1260 | BD59: 1340 | BG59: 550 | BI59: 860 | BO59: 2280 | BZ59: 1280 | CE59: 680 | CO59: 480
A60: 110 | B60: 1620 | C60: 1460 | D60: 550 | E60: 480 | J60: 760 | N60: 965 | O60: 585 | Q60: 1850 | R60: 340 | T60: 450 | U60: 320 | V60: 200 | W60: 1600 | AC60: 920 | AE60: 300 | AF60: 70 | AG60: 160 | AH60: 90 | AI60: 980 | AL60: 350 | AU60: 480 | AV60: 560 | AY60: 340 | BB60: 920 | BC60: 1260 | BD60: 1340 | BI60: 860 | BO60: 2280 | BZ60: 1280 | CI60: 3850
A61: KONA | B61: 2850 | C61: 1200 | D61: 680 | E61: 480 | J61: 750 | R61: 320 | T61: 890 | V61: 200 | AE61: 700 | AF61: 140 | AG61: 260 | AI61: 980 | AJ61: 1480 | AN61: 160 | AO61: 200
A62: Terracan | AE62: 300 | AF62: 70 | AG62: 160 | AI62: 980 | AK62: 220 | AY62: 240 | BQ62: 1250
A63: Creta | D63: 380 | E63: 350 | J63: 630 | R63: 340 | S63: 200 | T63: 320 | U63: 280 | V63: 210 | AE63: 250 | AF63: 60 | AG63: 110 | AI63: 980
A64: Santafe | B64: 1620 | C64: 2300 | D64: 960 | E64: 620 | H64: 200 | J64: 960 | K64: 800 | R64: 340 | S64: 200 | T64: 650 | U64: 550 | V64: 300 | W64: 960 | X64: 960 | AE64: 600 | AF64: 110 | AG64: 260 | AI64: 980 | BD64: =75*20 -> 1500 | BG64: 850
A65: HONDA / ACURA
A66: Civic | B66: 3860 | C66: 2480 | D66: 960 | E66: 640 | J66: 780 | O66: 450 | R66: 340 | T66: 320 | U66: 320 | V66: 200 | AE66: 600 | AF66: 160 | AG66: 285 | AH66: 180 | AI66: 1200 | BN66: 850
A67: Element | D67: 960 | E67: 640 | AE67: 300 | AF67: 70 | AG67: 160 | AI67: 1200
A68: Accord | B68: 3860 | D68: 960 | E68: 640 | T68: 580 | U68: 780 | V68: 450 | AE68: 600 | AF68: 160 | AG68: 285 | AH68: 180 | AI68: 1200 | AU68: 1280 | AX68: 650 | BG68: 1150
A69: CRV | B69: 4200 | C69: 2480 | D69: 1120 | E69: 640 | H69: 200 | J69: 980 | M69: 540 | O69: 760 | P69: 2400 | R69: 850 | S69: 250 | T69: 680 | U69: 550 | V69: 200 | AE69: 600 | AF69: 160 | AG69: 350 | AH69: 180 | AI69: 1200 | AW69: 1960 | AX69: 550 | BN69: 1850
A70: Pilot | B70: 4200 | D70: 960 | E70: 640 | H70: 200 | O70: 760 | P70: 2600 | T70: 350 | U70: 350 | V70: 200 | AE70: 600 | AF70: 160 | AG70: 350 | AH70: 180 | AI70: 1200 | AM70: 200 | CI70: 4200
A71: Accord CT | D71: 960 | E71: 640 | AM71: 50
A72: =+[1]NEW!$J$5 -> 0 | D72: 960 | E72: 640 | AE72: 300 | AF72: 70 | AG72: 160 | AM72: 80
A73: RDX | D73: 960 | E73: 640 | AE73: 700 | AF73: 140 | AG73: 220 | AH73: 180 | AM73: 50
AM74: 100 | AP74: 110
A75: MERCEDES | AP75: 250
A76: C180 | B76: 6380 | C76: 2890 | D76: 1280 | E76: 820 | F76: 350 | G76: 350 | H76: 400 | I76: 400 | L76: 3620 | M76: 5800 | N76: 1200 | O76: 1150 | P76: 480 | Q76: 8600 | T76: 980 | V76: 480 | W76: 1600 | X76: 1600 | Y76: 2200 | Z76: 1350 | AA76: 2600 | AB76: 2600 | AC76: 3200 | AD76: 850 | AE76: 800 | AF76: 185 | AG76: 350 | AH76: 180 | AI76: 1650 | AL76: 750 | AP76: 50 | BL76: 1360 | BN76: 1100
A77: C230 | B77: 6380 | C77: 2890 | D77: 1280 | E77: 820 | F77: 350 | G77: 350 | H77: 400 | I77: 400 | L77: 3620 | M77: 5800 | N77: 1200 | O77: 1150 | P77: 480 | Q77: 8600 | T77: 980 | V77: 480 | W77: 1600 | X77: 1600 | Y77: 2200 | Z77: 1350 | AA77: 2600 | AB77: 2600 | AC77: 3200 | AD77: 850 | AE77: 800 | AF77: 185 | AG77: 350 | AH77: 180 | AI77: 1650 | AL77: 750 | AP77: 720 | BL77: 1360 | BN77: 1100
A78: C250 | B78: 6380 | C78: 2890 | D78: 1280 | E78: 820 | F78: 350 | G78: 350 | H78: 400 | I78: 400 | L78: 3620 | M78: 5800 | N78: 1200 | O78: 1150 | P78: 480 | Q78: 8600 | T78: 980 | V78: 480 | W78: 1600 | X78: 1600 | Y78: 2200 | Z78: 1350 | AA78: 2600 | AB78: 2600 | AC78: 3200 | AD78: 850 | AE78: 800 | AF78: 185 | AG78: 350 | AH78: 180 | AI78: 1650 | AL78: 750 | AP78: 480 | BL78: 1360 | BN78: 1100
A79: C280 | B79: 6380 | C79: 2890 | D79: 1280 | E79: 820 | F79: 350 | G79: 350 | H79: 400 | I79: 400 | L79: 3620 | M79: 5800 | N79: 1200 | O79: 1150 | P79: 480 | Q79: 8600 | T79: 980 | V79: 480 | W79: 1600 | X79: 1600 | Y79: 2200 | Z79: 1350 | AA79: 2600 | AB79: 2600 | AC79: 3200 | AD79: 850 | AE79: 800 | AF79: 185 | AG79: 350 | AH79: 180 | AI79: 1650 | AL79: 750 | AP79: 460 | BL79: 1360 | BN79: 1100
A80: C300 | B80: 6380 | C80: 2890 | D80: 1280 | E80: 820 | F80: 1450 | G80: 350 | H80: 400 | I80: 400 | L80: 3620 | M80: 5800 | N80: 1200 | O80: 1150 | P80: 480 | Q80: 8600 | T80: 980 | V80: 480 | W80: 1600 | X80: 1600 | Y80: 2200 | Z80: 1350 | AA80: 2600 | AB80: 2600 | AC80: 3200 | AD80: 850 | AE80: 800 | AF80: 185 | AG80: 350 | AH80: 180 | AI80: 1650 | AL80: 750 | AM80: 1950 | AP80: =SUM(AP74:AP79) -> 2070 | BJ80: 960 | BL80: 1360 | BN80: 1100
A81: C320 | B81: 6380 | C81: 2890 | D81: 1280 | E81: 820 | F81: 1450 | G81: 350 | H81: 400 | I81: 400 | L81: 3620 | M81: 5800 | N81: 1200 | O81: 1150 | P81: 480 | Q81: 8600 | T81: 980 | V81: 480 | W81: 1600 | X81: 1600 | Y81: 2200 | Z81: 1350 | AA81: 2600 | AB81: 2600 | AC81: 3200 | AD81: 850 | AE81: 800 | AF81: 185 | AG81: 350 | AH81: 180 | AI81: 1650 | AL81: 750 | AM81: 1950 | AP81: =SUM(AP75:AP80) -> 4030 | BJ81: 960 | BL81: 1360 | BN81: 1100
A82: C350 | B82: 6380 | C82: 2890 | D82: 1280 | E82: 820 | F82: 1450 | G82: 350 | H82: 400 | I82: 400 | L82: 3620 | M82: 5800 | N82: 1200 | O82: 1150 | P82: 480 | Q82: 8600 | T82: 980 | V82: 480 | W82: 1600 | X82: 1600 | Y82: 2200 | Z82: 1350 | AA82: 2600 | AB82: 2600 | AC82: 3200 | AD82: 850 | AE82: 800 | AF82: 185 | AG82: 350 | AH82: 180 | AI82: 1650 | AL82: 750 | AM82: 1950 | AP82: =SUM(AP76:AP81) -> 7810 | BJ82: 960 | BL82: 1360 | BN82: 1100
A83: L200 | B83: 6380 | C83: 2890 | D83: 980 | E83: 650 | F83: 1450 | G83: 350 | H83: 400 | I83: 400 | L83: 3620 | M83: 5800 | N83: 1200 | O83: 1150 | P83: 480 | Q83: 8600 | T83: 980 | V83: 480 | W83: 1600 | X83: 1600 | Y83: 2200 | Z83: 1350 | AA83: 2600 | AB83: 2600 | AC83: 3200 | AD83: 850 | AE83: 500 | AF83: 140 | AG83: 320 | AH83: 180 | AI83: 1650 | AL83: 750 | AM83: 1950 | AP83: =SUM(AP77:AP82) -> 15570 | BJ83: 960 | BL83: 1360 | BN83: 1100
A84: A140 | B84: 6380 | C84: 2890 | D84: 980 | E84: 650 | F84: 1450 | G84: 350 | H84: 400 | I84: 400 | L84: 3620 | M84: 5800 | N84: 1200 | O84: 1150 | P84: 480 | Q84: 8600 | T84: 980 | V84: 480 | W84: 1600 | X84: 1600 | Y84: 2200 | Z84: 1350 | AA84: 2600 | AB84: 2600 | AC84: 3200 | AD84: 850 | AE84: 500 | AF84: 140 | AG84: 320 | AH84: 180 | AI84: 1650 | AL84: 750 | AM84: 1950 | AP84: =SUM(AP78:AP83) -> 30420 | BJ84: 960 | BL84: 1360 | BN84: 1100
A85: E220 | B85: 6380 | C85: 2890 | D85: 1280 | E85: 820 | F85: 1450 | G85: 350 | H85: 400 | I85: 400 | L85: 3620 | M85: 5800 | N85: 1200 | O85: 1150 | P85: 480 | Q85: 8600 | T85: 980 | V85: 480 | W85: 1600 | X85: 1600 | Y85: 2200 | Z85: 1350 | AA85: 2600 | AB85: 2600 | AC85: 3200 | AD85: 850 | AE85: 800 | AF85: 185 | AG85: 350 | AH85: 180 | AI85: 1650 | AL85: 750 | AM85: 1950 | AP85: =SUM(AP79:AP84) -> 60360 | BJ85: 960 | BL85: 1360 | BN85: 1100
A86: E280 | B86: 6380 | C86: 2890 | D86: 1280 | E86: 820 | F86: 1450 | G86: 350 | H86: 400 | I86: 400 | L86: 3620 | M86: 5800 | N86: 1200 | O86: 1150 | P86: 480 | Q86: 8600 | T86: 980 | V86: 480 | W86: 1600 | X86: 1600 | Y86: 2200 | Z86: 1350 | AA86: 2600 | AB86: 2600 | AC86: 3200 | AD86: 850 | AE86: 800 | AF86: 185 | AG86: 350 | AH86: 180 | AI86: 1650 | AL86: 750 | AM86: 1950 | AP86: =SUM(AP80:AP85) -> 120260 | BJ86: 960 | BL86: 1360 | BN86: 1100
A87: E350 | B87: 6380 | C87: 2890 | D87: 1280 | E87: 820 | F87: 1450 | G87: 350 | H87: 400 | I87: 400 | L87: 3620 | M87: 5800 | N87: 1200 | O87: 1150 | P87: 480 | Q87: 8600 | T87: 980 | V87: 480 | W87: 1600 | X87: 1600 | Y87: 2200 | Z87: 1350 | AA87: 2600 | AB87: 2600 | AC87: 3200 | AD87: 850 | AE87: 800 | AF87: 185 | AG87: 350 | AH87: 180 | AI87: 1650 | AL87: 750 | AM87: 1950 | AP87: =SUM(AP81:AP86) -> 238450 | BG87: 2900 | BJ87: 960 | BL87: 1360 | BN87: 1100
A88: R350 | B88: 6380 | C88: 2890 | D88: 980 | E88: 650 | F88: 1450 | G88: 350 | H88: 400 | I88: 400 | L88: 3620 | M88: 5800 | N88: 1200 | O88: 1150 | P88: 480 | Q88: 8600 | T88: 980 | V88: 480 | W88: 1600 | X88: 1600 | Y88: 2200 | Z88: 1350 | AA88: 2600 | AB88: 2600 | AC88: 3200 | AD88: 850 | AE88: 500 | AF88: 140 | AG88: 320 | AH88: 180 | AI88: 1650 | AL88: 750 | AM88: 1950 | AP88: =SUM(AP82:AP87) -> 472870 | BJ88: 960 | BL88: 1360 | BN88: 1100
A89: ML280 | B89: 6380 | C89: 2890 | D89: 980 | E89: 650 | F89: 1450 | G89: 350 | H89: 400 | I89: 400 | L89: 3620 | M89: 5800 | N89: 1200 | O89: 1150 | P89: 480 | Q89: 8600 | T89: 980 | V89: 480 | W89: 1600 | X89: 1600 | Y89: 2200 | Z89: 1350 | AA89: 2600 | AB89: 2600 | AC89: 3200 | AD89: 850 | AE89: 800 | AF89: 185 | AG89: 580 | AH89: 180 | AI89: 1650 | AL89: 750 | AM89: 1950 | AP89: =SUM(AP83:AP88) -> 937930 | BJ89: 960 | BL89: 1360 | BN89: 1100
A90: ML320 | T90: 980 | V90: 480 | AE90: 800 | AF90: 185 | AG90: 580 | AP90: 3250
A91: ML350 4Matic | D91: 1820 | E91: 1160 | F91: 780 | G91: 200 | T91: 980 | V91: 480 | AA91: 2650 | AE91: 800 | AF91: 185 | AG91: 580 | AI91: 1650 | AP91: 350 | CK91: 1480
A92: CLA250 | D92: 780 | E92: 650 | T92: 980 | V92: 480 | AE92: 500 | AF92: 140 | AG92: 240 | AP92: 100
A93: GLA250 | T93: 980 | V93: 480 | AE93: 800 | AF93: 185 | AG93: 580 | AP93: 329
A94: 594 | C94: 7760 | D94: 1463 | E94: 1082 | T94: 980 | V94: 480 | AE94: 800 | AF94: 185 | AG94: 580 | AI94: 680 | AP94: 50 | CK94: 320
A95: GLK 350 | B95: 4200 | C95: 3240 | D95: 880 | E95: 560 | F95: 280 | J95: 1300 | M95: 1800 | O95: 875 | T95: 980 | V95: 480 | AE95: 800 | AF95: 185 | AG95: 580 | AI95: 680 | AP95: 300
A97: MITSUBISHI
A98: Lancer | AE98: 250 | BG98: 960 | CQ98: 750
A99: ASX | D99: 320 | AE99: 250 | AG99: 180
A100: Atos | Y100: =650+650 -> 1300 | AE100: 250
A101: L200 | B101: 2260 | C101: 2140 | D101: 380 | E101: 350 | J101: 760 | N101: 965 | O101: 585 | R101: 340 | T101: 450 | U101: 320 | V101: 150 | W101: 1180 | AC101: 920 | AE101: 500 | AF101: 95 | AG101: 230 | AH101: 240 | AI101: 460 | AK101: 145 | AL101: 350 | AU101: 480 | AV101: 560 | AY101: 340 | BB101: 920 | BC101: 1260 | BD101: 1340
...

Sheet Dubai Auto Pricing
D2: HILUX | F2: LANDCRUISER | H2: PRADO
A3: ITEMS | B3: COROLLA | C3: CAMRY | D3: PETROL | E3: DIESEL | F3: PETROL | G3: DIESEL | H3: PETROL | I3: DIESEL
A4: ENGINE OIL | B4: 150 | C4: =B4 -> 150 | D4: 200 | E4: =D4 -> 200 | F4: 200 | G4: 300 | H4: =F4 -> 200 | I4: =G4 -> 300
A5: OIL FILTER | B5: 70 | C5: =B5 -> 70 | D5: 70 | E5: =D5 -> 70 | F5: 85 | G5: =F5 -> 85 | H5: =F5 -> 85 | I5: =G5 -> 85
A6: AIR FILTER | B6: 110 | C6: =B6 -> 110 | D6: 120 | E6: 210 | F6: 180 | G6: =F6 -> 180 | H6: =F6 -> 180 | I6: =G6 -> 180
A7: FUEL FILTER | B7: 0 | C7: =B7 -> 0 | D7: 0 | E7: 210 | F7: 0 | G7: 220 | H7: =F7 -> 0 | I7: =G7 -> 220
A8: FUEL CLEANER | B8: 50 | C8: =B8 -> 50 | D8: 50 | E8: 0 | F8: 50 | G8: 0 | H8: =F8 -> 50 | I8: =G8 -> 0
A9: SPARK PLUGS | B9: 350 | C9: =B9 -> 350 | D9: 460 | E9: 0 | F9: 540 | G9: 0 | H9: =F9 -> 540 | I9: =G9 -> 0
A10: BRAKE PAD - F | B10: 367 | C10: 387 | D10: 385 | E10: =D10 -> 385 | F10: 587 | G10: =F10 -> 587 | H10: =F10 -> 587 | I10: =G10 -> 587 | N10: =10%*1893 -> 189.3
A11: BRAKE PAD - R | B11: 338 | C11: 342 | D11: 346 | E11: =D11 -> 346 | F11: 366 | G11: =F11 -> 366 | H11: 360 | I11: =G11 -> 366 | N11: =1%*1893 -> 18.93
A12: FRONT SHOCK | N12: =19*2 -> 38
A13: REAR SHOCKS | N13: =1893+38 -> 1931
A14: TOP BALL JOINT | N14: =1950-1931 -> 19 | T14: 350
A15: DOWN BALL JOINT | T15: 80
A16: TIE ROD END | T16: 150
A17: STABILIZER LINK | T17: 50
A18: LOWER ARM | T18: 650
A19: UPPER ARM
A20: BALL ENDS
A21: DRIVE SHAFT
A22: LOWER ARM BUSHINGS
A23: STABILIZER BUSHINGS
A24: HOB
A25: HOB BEARING
K35: =625-335.5 -> 289.5

Sheet Servicing Schedule
O14: =2240-1440 -> 800
L15: 1220
L16: 580
L17: 300
L18: 5200
L19: 650
L20: 500 | M20: 1400
L21: -2400 | M21: 680
M22: 760
M23: 420 | T23: 200
M24: 380 | T24: 80
M25: 260 | T25: 140
P26: =200*13 -> 2600 | T26: 220
P27: =12*50 -> 600 | T27: 380
P28: 8500 | T28: 350
P29: 1520 | T29: 200
P40: =SUM(P26:P39) -> 13220
M52: 680
M53: 1510
M54: 320
M55: 320
M56: 250
M57: 200
M58: 780
M59: 500
M68: =SUM(M52:M67) -> 4560

Sheet Auctus Pricing
Q6: 200
Q7: 80
B8: BASIC PRICING SCHEDULES FOR THE MOVING TOYOTA BRANDS & ITEMS | Q8: 140
M9: =16*20 -> 320 | Q9: 220
D10: HILUX | F10: LANDCRUISER | H10: PRADO | M10: 450 | Q10: 100
A11: ITEMS | B11: COROLLA | C11: CAMRY | D11: PETROL | E11: DIESEL | F11: PETROL | G11: DIESEL | H11: PETROL | I11: DIESEL | M11: 10
A12: ENGINE OIL | B12: 200 | C12: =B12 -> 200 | D12: 200 | E12: =D12 -> 200 | F12: 300 | G12: 300 | H12: =F12 -> 300 | I12: =G12 -> 300
A13: OIL FILTER | B13: 70 | C13: =B13 -> 70 | D13: 70 | E13: =D13 -> 70 | F13: 85 | G13: =F13 -> 85 | H13: =F13 -> 85 | I13: =G13 -> 85
A14: AIR FILTER | B14: 110 | C14: =B14 -> 110 | D14: 120 | E14: 210 | F14: 180 | G14: =F14 -> 180 | H14: =F14 -> 180 | I14: =G14 -> 180 | M14: =SUM(M9:M13) -> 780
A15: FUEL FILTER | B15: 0 | C15: =B15 -> 0 | D15: 0 | E15: 210 | F15: 0 | G15: 220 | H15: =F15 -> 0 | I15: =G15 -> 220
A16: FUEL CLEANER | B16: 50 | C16: =B16 -> 50 | D16: 50 | E16: 0 | F16: 50 | G16: 0 | H16: =F16 -> 50 | I16: =G16 -> 0
A17: SPARK PLUGS | B17: 350 | C17: =B17 -> 350 | D17: 460 | E17: 0 | F17: 540 | G17: 0 | H17: =F17 -> 540 | I17: =G17 -> 0 | Q17: 200
A18: BRAKE PAD - F | B18: 367 | C18: 387 | D18: 385 | E18: =D18 -> 385 | F18: 587 | G18: =F18 -> 587 | H18: =F18 -> 587 | I18: =G18 -> 587 | Q18: 120
A19: BRAKE PAD - R | B19: 338 | C19: 342 | D19: 346 | E19: =D19 -> 346 | F19: 366 | G19: =F19 -> 366 | H19: =F19 -> 366 | I19: =G19 -> 366 | Q19: 70
A20: FRONT SHOCK | B20: ='Main Pricing'!B3 -> 2850 | C20: ='Main Pricing'!B5 -> 2350 | D20: ='Main Pricing'!B15 -> 2260 | E20: =D20 -> 2260 | F20: ='Main Pricing'!B9 -> 4800 | G20: =F20 -> 4800 | H20: =F20 -> 4800 | I20: =G20 -> 4800 | Q20: 50
A21: REAR SHOCKS | B21: ='Main Pricing'!C3 -> 1820 | C21: ='Main Pricing'!C5 -> 1820 | D21: ='Main Pricing'!C15 -> 2140 | E21: =D21 -> 2140 | F21: ='Main Pricing'!C9 -> 2850 | G21: =F21 -> 2850 | H21: =F21 -> 2850 | I21: =H21 -> 2850 | M21: 200 | Q21: 350
A22: TOP BALL JOINT | B22: 340 | C22: 360 | D22: 365 | E22: =D22 -> 365 | F22: 980 | G22: =F22 -> 980 | H22: =F22 -> 980 | I22: =H22 -> 980 | M22: 70 | Q22: 100
A23: DOWN BALL JOINT | B23: 420 | C23: 450 | D23: 510 | E23: =D23 -> 510 | F23: 760 | G23: =F23 -> 760 | H23: =F23 -> 760 | I23: =H23 -> 760 | M23: 110 | Q23: =SUM(Q17:Q22) -> 890
A24: TIE ROD END | B24: ='Main Pricing'!O3 -> 480 | C24: 480 | D24: 485 | E24: =D24 -> 485 | F24: ='Main Pricing'!O9 -> 540 | G24: =F24 -> 540 | H24: =F24 -> 540 | I24: =H24 -> 540 | K24: 350 | M24: 50
A25: STABILIZER LINK | B25: ='Main Pricing'!T3 -> 520 | C25: 350 | D25: 390 | E25: =D25 -> 390 | F25: ='Main Pricing'!T9 -> 640 | G25: =F25 -> 640 | H25: =F25 -> 640 | I25: =H25 -> 640 | K25: 320 | M25: 100
A26: BALL ENDS | B26: 320 | C26: 350 | D26: 405 | E26: =D26 -> 405 | F26: ='Main Pricing'!N9 -> 750 | G26: =F26 -> 750 | H26: =F26 -> 750 | I26: =H26 -> 750 | K26: 200 | O26: 300
A27: LOWER ARM BUSHINGS | B27: 280 | C27: 280 | D27: 280 | E27: =D27 -> 280 | F27: ='Main Pricing'!R9 -> 480 | G27: =F27 -> 480 | H27: =F27 -> 480 | I27: =H27 -> 480 | K27: 250 | O27: 85
A28: STABILIZER BUSHINGS | B28: 210 | C28: 210 | D28: 220 | E28: =D28 -> 220 | F28: 220 | G28: =F28 -> 220 | H28: =F28 -> 220 | I28: =H28 -> 220 | K28: 150 | O28: 180
K29: 480 | O29: 50
K30: 300 | O30: 2820
A31: NB: Labour / Workmanship charges is dependendent on scope of work | O31: 760
A32: Again, all prices are VAT/NHIL exclusive | O32: 980
O33: 540
O34: 200
K35: 950 | O35: 580
K36: 140 | O36: 500
K37: 210
K38: 580 | M38: 200
K39: 180 | M39: 70
K40: 200 | M40: 110
K41: 40 | M41: 50
K42: 110 | M42: 100
K43: 50
K44: 950
K45: 640
K46: 1000

Sheet Engine Works
B1: Injec. | C1: Spark P | D1: Crnk S | E1: ABS S | F1: Ang S | G1: Coil S | H1: Oxy S | I1: Cam SS | J1: Fuel Pump | K1: Start. | L1: Altn
A2: TOYOTA
A3: Corolla | B3: 400 | C3: 280 | D3: 450 | E3: 350 | F3: 750 | G3: 250 | H3: 550 | I3: 450 | J3: 550 | K3: 450 | R3: 300
A4: Camry | B4: =B3 -> 400 | C4: =C3 -> 280 | D4: 450 | E4: =E3 -> 350 | F4: =F3 -> 750 | G4: =G3 -> 250 | H4: =H3 -> 550 | I4: =I3 -> 450 | J4: =J3 -> 550 | K4: 450 | R4: 100
A5: Avensis | B5: =B4 -> 400 | C5: 320 | D5: 450 | E5: =E4 -> 350 | F5: =F4 -> 750 | G5: =G4 -> 250 | H5: =H4 -> 550 | I5: =I4 -> 450 | J5: =J4 -> 550 | K5: 450 | R5: 329
A6: Venza | B6: =B5 -> 400 | C6: =C5 -> 320 | D6: 450 | E6: =E5 -> 350 | F6: =F5 -> 750 | G6: =G5 -> 250 | H6: =H5 -> 550 | I6: =I5 -> 450 | J6: =J5 -> 550 | K6: 500 | O6: 200 | R6: 50
A7: Tundra | B7: 600 | C7: =80*6 -> 480 | D7: 550 | E7: =E6 -> 350 | F7: =F6 -> 750 | G7: =G6 -> 250 | H7: =H6 -> 550 | I7: =I6 -> 450 | J7: 650 | K7: 550 | O7: 80 | R7: 100
A8: Landcruiser | B8: 600 | C8: =C7 -> 480 | D8: 650 | E8: =E7 -> 350 | F8: =F7 -> 750 | G8: =G7 -> 250 | H8: =H7 -> 550 | I8: =I7 -> 450 | J8: 750 | K8: 550 | O8: 150
A9: Rav 4 | B9: 400 | C9: 320 | D9: 450 | E9: =E8 -> 350 | F9: =F8 -> 750 | G9: =G8 -> 250 | H9: =H8 -> 550 | I9: =I8 -> 450 | J9: =J7 -> 650 | K9: 550 | O9: 350 | T9: 2200
A10: Matrix | B10: 400 | C10: 320 | D10: 450 | E10: =E9 -> 350 | F10: =F9 -> 750 | G10: =G9 -> 250 | H10: =H9 -> 550 | I10: =I9 -> 450 | J10: =J9 -> 650 | K10: 550 | O10: 380 | T10: 680
A11: Hilux | B11: 400 | C11: 320 | D11: 450 | E11: =E10 -> 350 | F11: =F10 -> 750 | G11: =G10 -> 250 | H11: =H10 -> 550 | I11: =I10 -> 450 | J11: =J10 -> 650 | K11: 550 | O11: 320 | T11: 300
A12: Highlander | B12: =B10 -> 400 | C12: 320 | D12: 550 | E12: =E11 -> 350 | F12: =F11 -> 750 | G12: =G11 -> 250 | H12: =H11 -> 550 | I12: =I11 -> 450 | J12: =J11 -> 650 | K12: 550 | O12: 50 | W12: 450
A13: 4Runner | B13: =B8 -> 600 | C13: 480 | D13: 650 | E13: =E12 -> 350 | F13: =F12 -> 750 | G13: =G12 -> 250 | H13: =H12 -> 550 | I13: =I12 -> 450 | J13: =J8 -> 750 | K13: 550 | O13: 200 | W13: 380
A14: Sequoia | B14: =B13 -> 600 | C14: 480 | D14: 650 | E14: =E13 -> 350 | F14: =F13 -> 750 | G14: =G13 -> 250 | H14: =H13 -> 550 | I14: =I13 -> 450 | J14: =J13 -> 750 | K14: 550 | W14: 350
A15: Takoma | B15: =B11 -> 400 | C15: 320 | D15: 550 | E15: =E14 -> 350 | F15: =F14 -> 750 | G15: =G14 -> 250 | H15: =H14 -> 550 | I15: =I14 -> 450 | J15: =J11 -> 650 | K15: 550 | W15: 320
A16: Fortuner | B16: =B12 -> 400 | C16: 320 | D16: 550 | E16: =E15 -> 350 | F16: =F15 -> 750 | G16: =G15 -> 250 | H16: =H15 -> 550 | I16: =I15 -> 450 | J16: =J15 -> 650 | K16: 550 | O16: =SUM(O6:O15) -> 1730 | W16: 200
M17: 350 | W17: 200
A18: NISSAN | M18: 1565 | W18: 300
A19: Sentra | B19: =B3 -> 400
A20: Almera | B20: =B19 -> 400 | R20: 200
A21: Versa | B21: =B20 -> 400 | R21: 650
A22: Micra | B22: =B21 -> 400 | R22: 280 | U22: 200
A23: Sunny | B23: =B22 -> 400 | O23: 200 | R23: 350 | U23: 120
A24: Altima | B24: =B23 -> 400 | O24: 40 | R24: 150 | U24: 70
A25: Skyline | B25: =B24 -> 400 | O25: 120 | R25: 300 | U25: 50
A26: Maxima | B26: =B25 -> 400 | O26: 50 | U26: 100 | W26: =SUM(W12:W25) -> 2200
A27: March | B27: =B26 -> 400 | O27: 100 | U27: =SUM(U22:U26) -> 540
A28: Rogue | B28: =B27 -> 400
A29: Juke | B29: =B28 -> 400 | R29: =SUM(R20:R28) -> 1930
A30: Hardbody | B30: =B29 -> 400 | P30: 200
A31: Navarra | B31: =B30 -> 400
A32: Frontier | B32: 600
A33: Pathfinder | B33: 600 | S33: 100 | V33: 1600
A34: NISSAN | B34: Injec. | C34: Spark P | D34: Crnk S | E34: ABS S | F34: Ang S | G34: Coil S | H34: Oxy S | I34: Cam SS | J34: Fuel Pump | K34: Start. | L34: Altn | M34: SB | S34: 780 | V34: 750
A35: Xterra | B35: 400 | S35: 380 | V35: 200
A36: Xtrail | S36: 250
A37: Murrano | Q37: 300 | S37: 140
A38: Patrol | O38: 580 | Q38: 85 | S38: 140
A39: Armada | O39: 350 | Q39: 180 | S39: 480
O40: 750 | Q40: 50 | S40: 500
A41: HYUNDAI | O41: 200 | Q41: 100 | V41: 960
A42: Elantra | V42: 40
A43: Sonata | N43: 200
A44: i10 | N44: 80
A45: Accent | N45: 120 | R45: 780
A46: Avante | N46: 50 | R46: 320
A47: Azeera | N47: 100 | R47: 200
A48: Veloster | R48: 200
A49: Matrix
A50: Tucson | U50: 4800
A51: iX35 | U51: 870
A52: CRV | S52: =880/20 -> 44 | U52: 300
A53: Santafe | P53: =5.8*700 -> 4060
A54: H1 | P54: -3000
A55: Terracan
A57: HONDA
A58: Civic
A59: Element
A60: Accord | Q60: 1650
A61: CRV | Q61: 280
A62: Pilot | Q62: 350
A63: Accord CT | Q63: 200
Q64: 380
Q65: 400
A67: MERCEDES | B67: Injec. | C67: Spark P | D67: Crnk S | E67: ABS S | F67: Ang S | G67: Coil S | H67: Oxy S | I67: Cam SS | J67: Fuel Pump | K67: Start. | L67: Altn | M67: SB
A68: C180
A69: C230
A70: C280
A71: C300
A72: C320
A73: C350
A74: L200
A75: A140
A76: E280
A77: E350
A78: R350
A79: ML280
... A100: Fiester
A101: FORD | B101: Injec. | C101: Spark P | D101: Crnk S | E101: ABS S | F101: Ang S | G101: Coil S | H101: Oxy S | I101: Cam SS | J101: Fuel Pump | K101: Start. | L101: Altn | M101: SB
A102: Freestyle
A103: Tourneo | S103: 380
A104: Explorer | S104: 350
A105: Edge | S105: 300
A106: F150 | S106: 70
A107: Ranger | S107: 150
A108: Edge | S108: 50
S109: 200
A110: KIA
A111: Picanto
A112: Cerato
A113: Optima | S113: 300
A114: Morning | S114: 90
A115: Rio | S115: 350
A116: Forte | S116: 30
A117: Clarus | S117: 300
A118: Spectra
A119: Magentis
A120: Zedona
A121: Sportage
A122: Sorento | J122: 2045 | Q122: 250
...

Sheet Sheet1
D3: Shock Absorber - F | E3: 1800
D4: Shock Absorber - R | E4: 1200 | G4: =250+150+1440+480+380+200+1200+1680+2170+600 -> 8550 | I4: 4000 | J4: 600 | K4: 300 | M4: ]\]\ | O4: 270+50 | Y4: 660
D5: Brake Pad - F | E5: 380 | I5: 350 | M5: 850 | Y5: 250
D6: Brake Pad - R | E6: 350 | H6: 2820 | I6: 70 | M6: 260 | P6: 200 | R6: 650 | V6: 580 | Y6: 580
B7: 2650 | D7: Engine Oil | E7: 280 | H7: 760 | I7: 300 | M7: 200 | V7: 450 | Y7: 480
B8: 2800 | D8: Oil Filter | E8: 80 | G8: 300 | H8: 980 | I8: 40 | L8: 300 | V8: 1280 | Y8: 1070
B9: 750 | D9: Air Filter | E9: 120 | G9: 85 | H9: 450 | I9: 1000 | J9: 300 | L9: 85 | V9: 4820 | Y9: 390
B10: 300 | D10: Fuel Cleaner | E10: 50 | G10: 180 | H10: 200 | J10: 85 | L10: 180 | M10: =SUM(M4:M9) -> 1310 | V10: 400 | X10: 1980 | Y10: 240
B11: 620 | D11: Spark Plugs - V6 | E11: 570 | G11: 220 | H11: 580 | J11: 180 | L11: 220 | T11: 510 | X11: 1260 | Y11: 120
B12: 400 | D12: Spark Plugs - V6 | E12: 720 | G12: 100 | H12: 350 | J12: 50 | L12: 100 | T12: 210 | X12: 440 | Y12: 330
I13: =SUM(I4:I12) -> 5760 | J13: 100 | T13: 320 | X13: 580 | Y13: 2260
B14: =SUM(B7:B13) -> 7520 | D14: Labour for Oil Change | E14: 50 | G14: =SUM(G8:G13) -> 885 | Q14: 2485 | T14: 200 | X14: 250 | Y14: 550
D15: Labour for Brakes only | E15: 100 | O15: 300 | Q15: 2260 | V15: 1380 | X15: 200 | Y15: 120 | AC15: 250
D16: Labour for Shocks | E16: 500 | O16: 85 | Q16: 1850 | V16: 950 | X16: 400 | Y16: 730 | AC16: 70
H17: =SUM(H6:H16) -> 6140 | O17: 180 | Q17: 400 | V17: 200 | Y17: 200 | AC17: 140
D18: Medicals - 3 days | O18: 50 | V18: 200 | Y18: 1260 | AC18: 50
E19: Lab - Fee | F19: Prof. Chrgs | G19: Dispatch | I19: =SUM(I8:I18) -> 6800 | L19: GHc | M19: Eur | O19: 580 | T19: 200 | V19: 200 | Y19: 700 | AC19: 350
B20: 200 | D20: In-House | E20: 200 | F20: 500 | G20: 0 | H20: =SUM(E20:G20) -> 700 | K20: Visa Processing | M20: 60 | O20: 350 | Q20: =SUM(Q14:Q19) -> 6995 | T20: 70 | Y20: 9 | AC20: 380
B21: 85 | D21: Off-site | E21: 200 | F21: 500 | G21: 300 | H21: =SUM(E21:G21) -> 1000 | K21: Visa Fee | M21: 20 | O21: 200 | T21: 160 | Y21: 350 | AC21: 200
B22: 220 | K22: Courrier | M22: 140 | N22: =M22/0.82 -> 170.73171 | T22: 220 | Y22: 150
B23: 120 | K23: Medicals | L23: 1000 | N23: =L23/4.46 -> 224.21525 | T23: 200 | Y23: 250
B24: 380 | K24: Police Clearance | L24: 1500 | N24: =L24/4.46 -> 336.32287 | T24: 380 | Y24: 670
B25: 200 | D25: Police Clearance - 7 days | K25: Miscellaneous | L25: 400 | N25: =L25/4.46 -> 89.686099 | S25: 1500 | V25: 850 | Y25: 500 | AC25: =SUM(AC15:AC24) -> 1440
D26: Docs Needed | F26: Charges | G26: Facilitation | L26: =SUM(L20:L25) -> 2900 | M26: =SUM(M20:M25) -> 220 | N26: =SUM(N20:N25) -> 820.95592 | S26: 350 | V26: 400 | Y26: 200
D27: Biopage of Passport | E27: 1 | F27: 1200 | G27: 300 | H27: =F27+G27 -> 1500 | S27: 300 | V27: 1240 | Y27: 660
D28: Passport Pictures | E28: 2 | V28: 300 | X28: 300 | Y28: 330
D29: Schools attended in Gh | E29: 1 | P29: 300 | V29: 110 | X29: 110 | Y29: 100
D30: Parents Name | P30: 110 | T30: 850 | V30: 480 | X30: 480 | Y30: 370
D31: Oversea Address | P31: 480 | T31: 400 | V31: 50 | X31: 50 | Y31: 650
P32: 50 | T32: 1240 | V32: 400 | X32: 100 | Y32: 870
P33: 100 | Y33: 350
B34: 650 | J34: 420 | Y34: 970
B35: 200 | J35: 450 | L35: 1980 | N35: 300 | R35: 380 | T35: 400 | Y35: 310
B36: 350 | I36: 400 | J36: 300 | L36: 460 | N36: 80 | R36: 350 | Y36: 570
B37: 160 | I37: 100 | J37: 80 | L37: 300 | N37: 140 | R37: 320 | V37: =SUM(V24:V36) -> 3830 | Y37: 800
B38: 200 | I38: 320 | J38: 140 | N38: 50 | R38: 200 | T38: =SUM(T30:T37) -> 2890 | Y38: 600
B39: 380 | I39: 50 | J39: 50 | N39: 100 | Y39: 510
B40: 480 | I40: 150 | J40: 200 | Y40: 430
B41: 300 | G41: 2720 | Y41: 250
G42: 1100 | Y42: 490
G43: 400 | J43: =SUM(J34:J42) -> 1640 | V43: 600 | Y43: 140
B44: =SUM(B34:B43) -> 2720 | P44: 250 | V44: 300 | Y44: 545
K45: =2060-1700 -> 360 | M45: 340 | P45: 50 | S45: =4500-1046 -> 3454 | V45: 250 | Y45: 520
E46: 1640 | M46: 200 | P46: 120 | V46: 70
E47: 1150 | M47: 560 | P47: 50 | V47: 120 | Y47: =SUM(Y4:Y46) -> 21534
E48: 400 | M48: 650
J49: 3445 | M49: 350
J50: 350 | M50: 200
J51: 250 | M51: 400
J52: 300 | P52: 450 | S52: 1720 | V52: 50 | Y52: -10000
P53: 380 | S53: 290 | V53: 400
P55: 200
M57: =SUM(M45:M56) -> 2700
H58: 1630 | Y58: =SUM(Y47:Y57) -> 11534
H59: 245 | W59: =2022-1966 -> 56
H63: =SUM(H58:H62) -> 1875
